<?xml version='1.0' encoding='UTF-8' ?>

<authorgroup xmlns="http://docbook.org/ns/docbook">
    <author>
        <personname>
            <firstname>Gavin</firstname>
            <surname>King</surname>
       </personname>
    </author>
    <author>
        <personname>
            <firstname>Christian</firstname>
            <surname>Bauer</surname>
        </personname>
    </author>
    <author>
        <personname>
            <firstname>Steve</firstname>
            <surname>Ebersole</surname>
        </personname>
    </author>
    <author>
        <personname>
            <firstname>Emmanuel</firstname>
            <surname>Bernard</surname>
        </personname>
    </author>
    <author>
        <personname>
            <firstname>Adam</firstname>
            <surname>Warski</surname>
        </personname>
    </author>
    <author>
        <personname>
            <firstname>Brett</firstname>
            <surname>Meyer</surname>
        </personname>
    </author>

    <othercredit>
        <personname>
            <firstname>James</firstname>
            <surname>Cobb</surname>
        </personname>
        <affiliation>
            <shortaffil>Graphic Design</shortaffil>
        </affiliation>
    </othercredit>

    <othercredit>
        <personname>
            <firstname>Cheyenne</firstname>
            <surname>Weaver</surname>
        </personname>
        <affiliation>
            <shortaffil>Graphic Design</shortaffil>
        </affiliation>
    </othercredit>

</authorgroup>
